Departamento;Provincia;2010;2011;2012;2013;2014;2015;2016;2017;2018;2019;2020;2021;2022;2023;2024;2025
Comuna 1;CABA;243.946;245.308;246.689;248.069;249.433;250.770;252.053;253.271;254.408;255.457;256.405;257.235;257.934;258.497;258.922;259.205
Comuna 2;CABA;150.714;150.573;150.428;150.278;150.130;149.985;149.848;149.720;149.607;149.510;149.430;149.371;149.337;149.328;149.345;149.389
Comuna 3;CABA;191.323;191.536;191.750;191.963;192.171;192.375;192.573;192.763;192.945;193.115;193.276;193.425;193.560;193.682;193.790;193.884
Comuna 4;CABA;234.933;235.497;236.071;236.646;237.214;237.769;238.303;238.809;239.279;239.712;240.100;240.437;240.716;240.937;241.096;241.193
Comuna 5;CABA;185.301;185.544;185.789;186.034;186.276;186.512;186.740;186.956;187.159;187.348;187.518;187.670;187.800;187.907;187.991;188.053
Comuna 6;CABA;183.046;183.309;183.576;183.843;184.105;184.363;184.611;184.846;185.067;185.271;185.456;185.620;185.760;185.875;185.964;186.028
Comuna 7;CABA;236.838;237.389;237.946;238.505;239.057;239.597;240.116;240.607;241.065;241.484;241.861;242.188;242.460;242.674;242.828;242.921
Comuna 8;CABA;219.638;220.655;221.693;222.733;223.764;224.770;225.737;226.649;227.495;228.266;228.953;229.541;230.018;230.380;230.623;230.745
Comuna 9;CABA;168.681;168.964;169.248;169.533;169.814;170.087;170.353;170.605;170.842;171.062;171.264;171.444;171.600;171.733;171.839;171.921
Comuna 10;CABA;169.372;169.506;169.640;169.775;169.908;170.037;170.163;170.282;170.394;170.497;170.592;170.677;170.750;170.811;170.859;170.896
Comuna 11;CABA;189.760;189.795;189.829;189.861;189.893;189.925;189.956;189.986;190.016;190.046;190.076;190.105;190.135;190.165;190.195;190.225
Comuna 12;CABA;211.320;211.699;212.082;212.467;212.846;213.218;213.576;213.914;214.229;214.518;214.777;215.002;215.189;215.335;215.442;215.505
Comuna 13;CABA;234.846;235.011;235.178;235.342;235.506;235.666;235.819;235.967;236.107;236.238;236.358;236.468;236.566;236.650;236.723;236.781
Comuna 14;CABA;226.489;226.558;226.626;226.692;226.758;226.821;226.884;226.944;227.003;227.060;227.115;227.168;227.219;227.268;227.315;227.360
Comuna 15;CABA;182.274;182.295;182.315;182.335;182.354;182.372;182.390;182.409;182.427;182.445;182.465;182.485;182.506;182.528;182.551;182.574
Almirante Brown;BUENOS AIRES;557.025;561.349;565.509;569.911;574.263;578.513;582.541;586.564;590.418;594.270;597.969;601.618;605.271;608.878;612.438;616.000
Avellaneda;BUENOS AIRES;345.752;346.847;347.924;348.999;350.080;351.165;352.246;353.273;354.314;355.352;356.392;357.440;358.512;359.550;360.583;361.532
Berazategui ;BUENOS AIRES;326.109;330.277;334.458;338.647;342.682;346.658;350.578;354.447;358.262;362.021;365.771;369.294;372.889;376.431;379.921;383.458
Esteban Echeverría ;BUENOS AIRES;300.785;308.861;316.567;323.806;331.031;337.890;344.795;351.564;358.342;364.641;370.900;377.237;383.538;389.731;395.856;402.021
Ezeiza ;BUENOS AIRES;163.287;169.284;175.333;181.122;186.842;192.430;197.895;203.292;208.615;213.864;219.031;224.228;229.276;234.233;239.220;244.167
Florencio Varela ;BUENOS AIRES;426.738;436.751;446.287;455.672;464.939;473.950;482.757;491.652;500.225;508.671;517.082;525.270;533.446;541.606;549.812;557.936
General San Martín ;BUENOS AIRES;418.017;418.790;419.531;420.271;421.009;421.725;422.440;423.153;423.877;424.567;425.265;425.911;426.556;427.191;427.783;428.283
Hurlingham  ;BUENOS AIRES;182.604;183.764;184.914;186.052;187.174;188.280;189.371;190.447;191.508;192.554;193.583;194.597;195.596;196.582;197.553;198.509
Ituzaingó ;BUENOS AIRES;169.038;170.292;171.536;172.766;173.981;175.177;176.356;177.521;178.670;179.801;180.914;182.011;182.993;183.959;184.910;185.845
José C. Paz ;BUENOS AIRES;267.275;271.557;275.801;279.999;284.145;288.228;292.304;296.279;300.035;303.896;307.443;311.187;314.878;318.364;321.710;324.990
La Matanza ;BUENOS AIRES;1.777.530;1.830.526;1.883.251;1.935.394;1.986.784;2.037.428;2.087.359;2.136.695;2.185.597;2.233.860;2.281.194;2.327.874;2.374.149;2.419.872;2.464.843;2.509.547
Lanús;BUENOS AIRES;463.555;463.478;463.401;463.325;463.251;463.178;463.106;463.034;462.964;462.895;462.827;462.760;462.693;462.628;462.564;462.501
Lomas de Zamora;BUENOS AIRES;621.440;624.289;627.150;630.029;632.842;635.593;638.287;640.916;643.437;645.880;648.312;650.678;652.937;655.122;657.218;659.249
Malvinas Argentinas ;BUENOS AIRES;324.358;328.087;331.834;335.491;339.152;342.798;346.406;349.867;353.281;356.643;359.953;363.263;366.479;369.648;372.771;375.896
Merlo;BUENOS AIRES;531.609;539.009;546.383;554.007;561.566;569.165;576.737;584.267;591.763;599.119;606.413;613.509;620.307;626.975;633.540;639.681
Moreno;BUENOS AIRES;454.416;463.151;472.015;481.041;489.912;498.713;507.403;516.093;524.675;533.292;541.691;549.930;558.068;566.103;574.034;581.729
Morón ;BUENOS AIRES;324.279;323.680;323.076;322.489;321.920;321.351;320.781;320.218;319.674;319.138;318.632;318.104;317.584;317.073;316.559;316.073
Quilmes;BUENOS AIRES;586.462;594.412;602.436;610.259;618.106;626.006;633.913;641.742;649.480;657.123;664.783;672.199;679.375;686.466;693.277;699.997
San Fernando;BUENOS AIRES;164.452;165.554;166.646;167.726;168.793;169.844;170.880;171.902;172.911;173.904;174.883;175.845;176.795;177.731;178.654;179.563
San Isidro;BUENOS AIRES;295.894;295.428;294.992;294.597;294.215;293.848;293.496;293.157;292.831;292.520;292.224;291.963;291.704;291.448;291.276;291.097
San Miguel ;BUENOS AIRES;278.019;280.822;283.603;286.386;289.135;291.845;294.370;296.861;299.319;301.740;304.122;306.469;308.784;311.065;313.312;315.526
Tigre;BUENOS AIRES;376.515;386.131;395.623;404.649;413.442;422.108;430.660;438.906;447.040;455.056;462.998;470.776;478.432;485.999;493.467;500.615
Tres de Febrero;BUENOS AIRES;343.338;343.441;343.537;343.617;343.701;343.792;343.877;343.917;343.961;344.011;344.067;344.117;344.172;344.221;344.296;344.354
Vicente López;BUENOS AIRES;272.389;271.677;271.078;270.598;270.139;269.705;269.294;268.897;268.509;268.064;267.655;267.257;266.880;266.538;266.203;265.885
Adolfo Alsina                                ;BUENOS AIRES;17.222;17.249;17.276;17.303;17.330;17.356;17.382;17.407;17.433;17.458;17.483;17.507;17.532;17.556;17.580;17.603
Adolfo Gonzales Chaves                      ;BUENOS AIRES;12.168;12.142;12.116;12.091;12.065;12.040;12.016;11.992;11.968;11.944;11.922;11.899;11.877;11.855;11.832;11.811
Alberti                                     ;BUENOS AIRES;10.746;10.773;10.799;10.824;10.850;10.875;10.900;10.924;10.948;10.972;10.995;11.018;11.041;11.064;11.085;11.107
Arrecifes ;BUENOS AIRES;29.252;29.473;29.690;29.905;30.117;30.326;30.532;30.735;30.936;31.133;31.328;31.520;31.709;31.895;32.078;32.259
Ayacucho                                    ;BUENOS AIRES;20.505;20.588;20.671;20.752;20.832;20.911;20.990;21.067;21.143;21.218;21.291;21.364;21.436;21.506;21.577;21.645
Azul                                        ;BUENOS AIRES;65.836;66.029;66.221;66.411;66.598;66.782;66.965;67.144;67.321;67.495;67.667;67.835;68.002;68.167;68.329;68.487
Bahía Blanca                                ;BUENOS AIRES;304.206;304.829;305.445;306.056;306.657;307.250;307.836;308.413;308.982;309.544;310.095;310.639;311.175;311.704;312.224;312.738
Balcarce                                    ;BUENOS AIRES;44.190;44.349;44.506;44.662;44.816;44.966;45.116;45.262;45.408;45.551;45.691;45.829;45.967;46.102;46.234;46.365
Baradero                                    ;BUENOS AIRES;32.969;33.325;33.677;34.027;34.371;34.710;35.045;35.375;35.701;36.022;36.338;36.649;36.956;37.258;37.556;37.849
Benito Juárez                               ;BUENOS AIRES;20.429;20.440;20.450;20.461;20.472;20.482;20.493;20.503;20.513;20.523;20.532;20.542;20.551;20.561;20.570;20.579
Berisso                                     ;BUENOS AIRES;89.070;89.877;90.675;91.466;92.246;93.015;93.773;94.522;95.259;95.987;96.701;97.406;98.101;98.786;99.461;100.126
Bolívar                                     ;BUENOS AIRES;34.468;34.626;34.783;34.939;35.092;35.244;35.393;35.540;35.684;35.828;35.969;36.108;36.244;36.378;36.512;36.642
Bragado                                     ;BUENOS AIRES;41.710;41.756;41.801;41.846;41.891;41.935;41.978;42.020;42.062;42.103;42.144;42.184;42.223;42.262;42.301;42.338
Brandsen                                    ;BUENOS AIRES;26.480;26.960;27.436;27.906;28.371;28.828;29.279;29.725;30.164;30.597;31.023;31.442;31.856;32.263;32.665;33.061
Campana                                     ;BUENOS AIRES;95.041;96.152;97.252;98.340;99.415;100.474;101.518;102.549;103.565;104.566;105.552;106.522;107.480;108.423;109.352;110.268
Cañuelas ;BUENOS AIRES;52.059;53.205;54.342;55.468;56.579;57.673;58.752;59.817;60.867;61.903;62.921;63.923;64.913;65.888;66.849;67.795
Capitán Sarmiento                           ;BUENOS AIRES;14.576;14.767;14.957;15.144;15.329;15.512;15.692;15.869;16.044;16.216;16.387;16.553;16.718;16.881;17.041;17.198
Carlos Casares                              ;BUENOS AIRES;22.407;22.544;22.680;22.815;22.947;23.078;23.206;23.334;23.459;23.583;23.704;23.824;23.941;24.059;24.173;24.286
Carlos Tejedor                              ;BUENOS AIRES;11.680;11.679;11.678;11.677;11.676;11.675;11.674;11.673;11.672;11.671;11.671;11.669;11.669;11.667;11.667;11.665
Carmen de Areco                             ;BUENOS AIRES;14.809;14.888;14.967;15.044;15.121;15.197;15.271;15.345;15.418;15.489;15.560;15.629;15.697;15.765;15.831;15.896
Castelli                                    ;BUENOS AIRES;8.270;8.312;8.354;8.396;8.437;8.478;8.517;8.556;8.595;8.633;8.671;8.708;8.744;8.781;8.816;8.851
Chacabuco                                   ;BUENOS AIRES;49.052;49.431;49.806;50.179;50.546;50.907;51.263;51.615;51.962;52.304;52.640;52.971;53.298;53.620;53.937;54.249
Chascomús                                   ;BUENOS AIRES;42.548;42.992;43.432;43.868;44.299;44.722;45.140;45.552;45.958;46.359;46.754;47.141;47.524;47.902;48.273;48.640
Chivilcoy                                   ;BUENOS AIRES;64.671;65.066;65.458;65.845;66.228;66.605;66.976;67.343;67.705;68.062;68.412;68.758;69.099;69.435;69.766;70.091
Colón                                       ;BUENOS AIRES;25.063;25.276;25.487;25.695;25.901;26.105;26.305;26.503;26.697;26.889;27.078;27.264;27.447;27.629;27.806;27.982
Coronel de Marina Leonardo Rosales;BUENOS AIRES;62.712;62.796;62.880;62.962;63.044;63.124;63.203;63.281;63.358;63.433;63.508;63.581;63.654;63.725;63.795;63.864
Coronel Dorrego                             ;BUENOS AIRES;15.998;15.911;15.829;15.747;15.668;15.589;15.511;15.435;15.359;15.285;15.212;15.141;15.070;15.000;14.931;14.864
Coronel Pringles                            ;BUENOS AIRES;23.179;23.068;22.965;22.861;22.760;22.659;22.561;22.463;22.368;22.273;22.180;22.089;21.999;21.910;21.823;21.737
Coronel Suárez                              ;BUENOS AIRES;38.628;38.812;38.988;39.163;39.336;39.506;39.673;39.838;40.001;40.162;40.320;40.474;40.627;40.778;40.927;41.073
Daireaux                                    ;BUENOS AIRES;17.013;17.138;17.263;17.387;17.508;17.629;17.747;17.863;17.979;18.093;18.204;18.314;18.422;18.530;18.635;18.738
Dolores                                     ;BUENOS AIRES;27.251;27.406;27.559;27.711;27.860;28.007;28.152;28.296;28.438;28.576;28.714;28.849;28.982;29.113;29.242;29.370
Ensenada                                    ;BUENOS AIRES;57.123;57.615;58.103;58.585;59.062;59.532;59.995;60.452;60.903;61.346;61.783;62.214;62.638;63.057;63.469;63.874
Escobar                                     ;BUENOS AIRES;215.256;218.766;223.018;227.205;231.337;235.408;239.461;243.456;247.385;251.245;255.073;258.805;262.495;266.121;269.692;273.209
Exaltación de la Cruz                       ;BUENOS AIRES;29.888;30.591;31.288;31.978;32.659;33.330;33.991;34.643;35.287;35.922;36.545;37.161;37.766;38.364;38.953;39.532
Florentino Ameghino  ;BUENOS AIRES;8.932;9.007;9.082;9.155;9.228;9.300;9.371;9.441;9.510;9.578;9.645;9.711;9.776;9.839;9.903;9.964
General Alvarado                            ;BUENOS AIRES;39.837;40.293;40.744;41.191;41.632;42.066;42.494;42.917;43.334;43.744;44.149;44.546;44.938;45.326;45.707;46.083
General Alvear                              ;BUENOS AIRES;11.234;11.260;11.286;11.311;11.336;11.361;11.385;11.410;11.433;11.456;11.480;11.503;11.524;11.546;11.568;11.590
General Arenales                            ;BUENOS AIRES;15.042;15.044;15.047;15.048;15.050;15.052;15.054;15.056;15.058;15.059;15.061;15.062;15.064;15.066;15.068;15.070
General Belgrano                            ;BUENOS AIRES;17.474;17.665;17.856;18.045;18.230;18.414;18.594;18.773;18.949;19.123;19.293;19.461;19.627;19.790;19.951;20.110
General Guido                               ;BUENOS AIRES;2.841;2.847;2.852;2.857;2.862;2.867;2.872;2.877;2.882;2.887;2.892;2.897;2.901;2.906;2.910;2.915
General Juan Madariaga                      ;BUENOS AIRES;19.880;20.062;20.241;20.419;20.594;20.767;20.938;21.106;21.273;21.436;21.596;21.755;21.912;22.065;22.217;22.367
General La Madrid                           ;BUENOS AIRES;10.892;10.866;10.839;10.814;10.788;10.763;10.738;10.713;10.689;10.665;10.642;10.619;10.596;10.573;10.551;10.529
General Las Heras                           ;BUENOS AIRES;14.955;15.215;15.472;15.727;15.978;16.226;16.469;16.710;16.948;17.182;17.412;17.639;17.863;18.083;18.300;18.514
General Lavalle                             ;BUENOS AIRES;3.713;3.792;3.870;3.947;4.023;4.099;4.172;4.246;4.318;4.389;4.459;4.528;4.596;4.663;4.729;4.794
General Paz                                 ;BUENOS AIRES;11.294;11.343;11.392;11.441;11.489;11.536;11.583;11.629;11.674;11.719;11.763;11.806;11.849;11.891;11.932;11.973
General Pinto      ;BUENOS AIRES;11.363;11.379;11.394;11.409;11.423;11.438;11.452;11.467;11.481;11.494;11.508;11.521;11.534;11.547;11.560;11.573
General Pueyrredón                          ;BUENOS AIRES;624.388;627.723;631.064;634.372;637.637;640.855;644.055;647.215;650.332;653.406;656.456;659.462;662.430;665.357;668.242;671.085
General Rodríguez                           ;BUENOS AIRES;87.339;89.700;92.041;94.357;96.643;98.895;101.116;103.308;105.469;107.599;109.695;111.759;113.795;115.802;117.780;119.727
General Viamonte                            ;BUENOS AIRES;18.232;18.288;18.343;18.397;18.451;18.505;18.556;18.608;18.659;18.709;18.758;18.807;18.855;18.903;18.949;18.995
General Villegas                            ;BUENOS AIRES;31.092;31.324;31.555;31.784;32.009;32.232;32.451;32.667;32.880;33.090;33.297;33.501;33.701;33.899;34.094;34.286
Guaminí                                     ;BUENOS AIRES;11.918;11.988;12.058;12.127;12.195;12.263;12.329;12.394;12.458;12.522;12.584;12.646;12.707;12.766;12.825;12.883
Hipólito Yrigoyen                           ;BUENOS AIRES;9.657;9.722;9.784;9.847;9.909;9.970;10.029;10.089;10.148;10.205;10.262;10.318;10.373;10.427;10.480;10.533
Junín                                       ;BUENOS AIRES;91.192;92.712;92.811;92.911;93.013;93.115;93.168;93.221;93.274;93.329;93.384;93.440;93.497;93.553;93.611;93.670
La Costa                                    ;BUENOS AIRES;70.033;70.933;71.826;72.708;73.580;74.439;75.285;76.121;76.945;77.756;78.554;79.341;80.118;80.883;81.637;82.379
La Plata ;BUENOS AIRES;659.575;664.746;670.477;676.195;681.831;687.378;692.779;698.164;703.504;708.733;713.947;719.013;724.010;728.912;733.741;738.505
Laprida                                     ;BUENOS AIRES;10.287;10.353;10.417;10.481;10.544;10.606;10.668;10.728;10.788;10.847;10.905;10.962;11.018;11.074;11.128;11.182
Las Flores                                  ;BUENOS AIRES;24.087;24.127;24.157;24.186;24.215;24.244;24.272;24.300;24.328;24.355;24.382;24.410;24.436;24.462;24.487;24.513
Leandro N. Alem;BUENOS AIRES;16.942;16.995;17.047;17.099;17.150;17.200;17.250;17.300;17.348;17.396;17.442;17.489;17.534;17.580;17.624;17.667
Lezama;BUENOS AIRES;5.661;5.661;5.661;5.661;5.661;5.661;5.661;5.661;5.661;5.661;5.661;5.661;5.661;5.661;5.661;5.661
Lincoln                                     ;BUENOS AIRES;42.204;42.216;42.227;42.238;42.248;42.259;42.270;42.281;42.291;42.302;42.312;42.323;42.333;42.342;42.353;42.363
Lobería                                     ;BUENOS AIRES;17.671;17.736;17.799;17.863;17.925;17.986;18.047;18.107;18.166;18.224;18.281;18.338;18.393;18.447;18.502;18.555
Lobos                                       ;BUENOS AIRES;36.404;36.765;37.132;37.496;37.854;38.208;38.557;38.900;39.239;39.573;39.901;40.225;40.544;40.858;41.168;41.473
Luján                                       ;BUENOS AIRES;106.886;108.250;109.603;110.942;112.263;113.564;114.848;116.114;117.364;118.593;119.805;120.998;122.174;123.334;124.477;125.602
Magdalena;BUENOS AIRES;18.924;19.121;19.315;19.508;19.697;19.883;20.041;20.195;20.346;20.493;20.613;20.729;20.842;20.953;21.059;21.163
Maipú                                       ;BUENOS AIRES;10.255;10.263;10.275;10.288;10.301;10.314;10.328;10.343;10.357;10.372;10.388;10.402;10.419;10.435;10.452;10.469
Mar Chiquita                                ;BUENOS AIRES;21.361;21.782;22.199;22.612;23.019;23.420;23.816;24.206;24.591;24.971;25.344;25.712;26.075;26.432;26.784;27.131
Marcos Paz                                  ;BUENOS AIRES;54.337;55.618;56.887;58.145;59.385;60.607;61.811;63.001;64.174;65.329;66.466;67.586;68.691;69.780;70.853;71.909
Mercedes                                    ;BUENOS AIRES;63.759;64.184;64.607;65.025;65.437;65.844;66.245;66.640;67.030;67.415;67.793;68.165;68.532;68.895;69.252;69.603
Monte                                       ;BUENOS AIRES;21.111;21.357;21.638;21.915;22.207;22.482;22.832;23.127;23.396;23.699;23.896;24.198;24.485;24.796;25.103;25.393
Monte Hermoso;BUENOS AIRES;6.534;6.630;6.718;6.807;6.895;6.980;7.064;7.147;7.230;7.310;7.390;7.468;7.546;7.621;7.695;7.769
Navarro                                     ;BUENOS AIRES;17.184;17.293;17.399;17.505;17.609;17.712;17.815;17.914;18.013;18.110;18.206;18.301;18.394;18.485;18.575;18.665
Necochea                                    ;BUENOS AIRES;93.730;93.970;94.207;94.442;94.673;94.902;95.126;95.348;95.568;95.783;95.995;96.204;96.410;96.614;96.814;97.011
9 de Julio                                  ;BUENOS AIRES;48.150;48.217;48.283;48.347;48.413;48.475;48.539;48.601;48.661;48.721;48.780;48.838;48.896;48.952;49.008;49.063
Olavarría                                   ;BUENOS AIRES;112.534;113.339;114.137;114.926;115.706;116.473;117.230;117.977;118.715;119.441;120.154;120.858;121.552;122.236;122.911;123.574
Patagones                                   ;BUENOS AIRES;30.446;30.610;30.773;30.935;31.094;31.250;31.405;31.557;31.708;31.856;32.002;32.146;32.288;32.427;32.565;32.701
Pehuajó                                     ;BUENOS AIRES;40.109;40.249;40.389;40.527;40.664;40.798;40.930;41.060;41.189;41.316;41.441;41.564;41.686;41.805;41.923;42.039
Pellegrini ;BUENOS AIRES;5.913;5.929;5.960;5.972;5.983;5.995;6.007;6.020;6.032;6.045;6.058;6.072;6.085;6.099;6.113;6.128
Pergamino                                   ;BUENOS AIRES;105.420;105.906;106.387;106.863;107.332;107.794;108.251;108.700;109.145;109.582;110.012;110.435;110.854;111.266;111.672;112.071
Pila                                        ;BUENOS AIRES;3.665;3.697;3.728;3.760;3.791;3.821;3.851;3.880;3.909;3.937;3.966;3.994;4.021;4.048;4.074;4.100
Pilar ;BUENOS AIRES;299.549;307.852;316.084;324.228;332.268;340.189;347.998;355.707;363.309;370.798;378.167;385.426;392.587;399.645;406.599;413.447
Pinamar                                     ;BUENOS AIRES;25.798;26.410;27.015;27.614;28.206;28.789;29.364;29.931;30.491;31.042;31.584;32.119;32.646;33.166;33.677;34.182
Presidente Perón ;BUENOS AIRES;81.166;83.780;86.372;88.936;91.467;93.960;96.420;98.847;101.239;103.597;105.918;108.203;110.457;112.680;114.868;117.024
Puán                                        ;BUENOS AIRES;15.871;15.816;15.761;15.668;15.576;15.486;15.396;15.309;15.223;15.137;15.054;14.972;14.891;14.811;14.733;14.657
Punta Indio ;BUENOS AIRES;9.964;10.028;10.093;10.156;10.219;10.282;10.343;10.404;10.463;10.521;10.579;10.635;10.692;10.747;10.802;10.855
Ramallo                                     ;BUENOS AIRES;33.218;33.697;34.173;34.644;35.109;35.567;36.018;36.463;36.902;37.335;37.761;38.180;38.595;39.003;39.404;39.800
Rauch                                       ;BUENOS AIRES;15.293;15.385;15.476;15.566;15.656;15.743;15.830;15.916;16.000;16.083;16.165;16.246;16.325;16.404;16.481;16.557
Rivadavia                                   ;BUENOS AIRES;16.317;16.430;16.515;16.589;16.663;16.746;16.826;16.904;16.978;17.050;17.119;17.184;17.247;17.307;17.366;17.421
Rojas                                       ;BUENOS AIRES;23.630;23.705;23.779;23.852;23.924;23.995;24.065;24.134;24.203;24.269;24.336;24.401;24.465;24.529;24.591;24.652
Roque Pérez                                 ;BUENOS AIRES;12.365;12.535;12.692;12.848;13.000;13.151;13.298;13.444;13.587;13.726;13.863;13.998;14.129;14.259;14.386;14.511
Saavedra                                    ;BUENOS AIRES;20.918;21.028;21.135;21.242;21.346;21.449;21.551;21.651;21.750;21.847;21.943;22.037;22.130;22.221;22.311;22.400
Saladillo                                   ;BUENOS AIRES;32.317;32.627;32.936;33.241;33.542;33.839;34.131;34.420;34.705;34.985;35.261;35.533;35.802;36.066;36.326;36.583
Salto                                       ;BUENOS AIRES;32.841;33.260;33.676;34.087;34.494;34.894;35.288;35.678;36.061;36.440;36.812;37.179;37.541;37.897;38.248;38.594
Salliqueló                                  ;BUENOS AIRES;8.714;8.721;8.730;8.740;8.750;8.760;8.769;8.779;8.789;8.799;8.810;8.819;8.829;8.840;8.850;8.860
San Andrés de Giles                         ;BUENOS AIRES;23.168;23.440;23.709;23.976;24.240;24.500;24.755;25.008;25.257;25.502;25.744;25.981;26.216;26.448;26.675;26.899
San Antonio de Areco                        ;BUENOS AIRES;23.297;23.504;23.708;23.910;24.111;24.307;24.501;24.693;24.882;25.068;25.251;25.431;25.610;25.785;25.957;26.128
San Cayetano                                ;BUENOS AIRES;8.469;8.503;8.537;8.571;8.605;8.638;8.671;8.704;8.734;8.766;8.797;8.827;8.857;8.887;8.915;8.945
San Nicolás                                 ;BUENOS AIRES;146.976;147.855;148.727;149.589;150.441;151.279;152.106;152.922;153.728;154.520;155.301;156.069;156.827;157.575;158.311;159.037
San Pedro                                   ;BUENOS AIRES;59.466;59.911;60.352;60.788;61.219;61.644;62.061;62.474;62.881;63.283;63.677;64.066;64.450;64.827;65.200;65.567
San Vicente ;BUENOS AIRES;59.510;61.374;63.222;65.051;66.856;68.634;70.388;72.118;73.825;75.506;77.161;78.791;80.398;81.983;83.544;85.082
Suipacha                                    ;BUENOS AIRES;10.134;10.280;10.424;10.567;10.707;10.846;10.983;11.117;11.250;11.382;11.510;11.637;11.763;11.886;12.008;12.128
Tandil                                      ;BUENOS AIRES;124.631;126.170;127.689;129.214;130.718;132.199;133.659;135.101;136.522;137.922;139.300;140.657;141.996;143.314;144.614;145.893
Tapalqué                                    ;BUENOS AIRES;9.238;9.330;9.421;9.510;9.598;9.686;9.772;9.856;9.940;10.022;10.103;10.183;10.262;10.340;10.416;10.491
Tordillo                                    ;BUENOS AIRES;1.780;1.783;1.785;1.788;1.791;1.794;1.796;1.799;1.801;1.804;1.807;1.809;1.812;1.814;1.816;1.818
Tornquist                                   ;BUENOS AIRES;12.810;12.929;13.048;13.165;13.281;13.395;13.507;13.619;13.728;13.836;13.942;14.047;14.150;14.251;14.352;14.450
Trenque Lauquen;BUENOS AIRES;43.326;43.676;44.025;44.369;44.708;45.043;45.373;45.699;46.019;46.336;46.648;46.954;47.256;47.554;47.849;48.137
Tres Arroyos;BUENOS AIRES;57.497;57.502;57.510;57.520;57.533;57.543;57.556;57.572;57.590;57.611;57.634;57.660;57.689;57.720;57.754;57.789
Tres Lomas ;BUENOS AIRES;8.409;8.471;8.508;8.562;8.600;8.646;8.686;8.726;8.764;8.801;8.837;8.872;8.906;8.939;8.971;9.002
25 de Mayo;BUENOS AIRES;36.149;36.247;36.343;36.439;36.533;36.627;36.718;36.808;36.897;36.985;37.071;37.156;37.240;37.323;37.405;37.485
Villa Gesell;BUENOS AIRES;31.845;32.499;33.147;33.788;34.421;35.044;35.660;36.266;36.865;37.454;38.034;38.606;39.170;39.726;40.273;40.812
Villarino;BUENOS AIRES;31.162;31.710;32.251;32.784;33.312;33.830;34.341;34.847;35.344;35.834;36.315;36.790;37.258;37.719;38.172;38.619
Zárate;BUENOS AIRES;114.957;116.345;117.720;119.081;120.425;121.748;123.054;124.342;125.613;126.865;128.096;129.309;130.506;131.686;132.848;133.993
Ambato;CATAMARCA;4.599;4.602;4.606;4.610;4.614;4.617;4.621;4.625;4.628;4.631;4.634;4.638;4.641;4.645;4.648;4.651
Ancasti;CATAMARCA;3.011;3.001;2.991;2.981;2.973;2.963;2.953;2.944;2.935;2.926;2.916;2.908;2.899;2.890;2.882;2.874
Andalgalá;CATAMARCA;18.637;18.775;18.912;19.048;19.183;19.319;19.453;19.586;19.718;19.848;19.976;20.102;20.225;20.346;20.465;20.579
Antofagasta de la Sierra;CATAMARCA;1.476;1.494;1.512;1.530;1.548;1.566;1.584;1.602;1.620;1.637;1.653;1.670;1.687;1.703;1.718;1.734
Belén;CATAMARCA;28.598;28.885;29.171;29.457;29.742;30.024;30.305;30.584;30.859;31.131;31.399;31.663;31.921;32.175;32.421;32.660
Capayán;CATAMARCA;16.505;16.727;16.950;17.171;17.392;17.611;17.829;18.045;18.258;18.470;18.678;18.882;19.082;19.278;19.469;19.654
Capital;CATAMARCA;163.831;165.837;167.839;169.833;171.818;173.792;175.753;177.700;179.628;181.531;183.406;185.250;187.057;188.824;190.547;192.221
El Alto;CATAMARCA;3.672;3.696;3.719;3.744;3.767;3.790;3.812;3.836;3.858;3.881;3.903;3.924;3.945;3.966;3.987;4.007
Fray Mamerto Esquiú;CATAMARCA;12.209;12.353;12.496;12.640;12.782;12.924;13.064;13.204;13.342;13.479;13.614;13.745;13.875;14.001;14.125;14.246
La Paz;CATAMARCA;23.262;23.462;23.660;23.859;24.057;24.253;24.448;24.641;24.834;25.023;25.209;25.392;25.572;25.748;25.918;26.085
Paclín;CATAMARCA;4.314;4.314;4.313;4.312;4.311;4.310;4.310;4.309;4.308;4.307;4.307;4.305;4.305;4.304;4.303;4.302
Pomán;CATAMARCA;11.058;11.200;11.342;11.482;11.622;11.761;11.900;12.037;12.173;12.307;12.439;12.569;12.696;12.821;12.942;13.060
Santa María;CATAMARCA;23.200;23.287;23.374;23.460;23.546;23.633;23.718;23.802;23.886;23.969;24.050;24.130;24.209;24.286;24.361;24.434
Santa Rosa;CATAMARCA;12.342;12.529;12.715;12.901;13.086;13.270;13.452;13.633;13.812;13.990;14.165;14.336;14.504;14.668;14.829;14.985
Tinogasta;CATAMARCA;23.030;23.058;23.086;23.113;23.141;23.167;23.195;23.221;23.249;23.275;23.301;23.326;23.351;23.375;23.399;23.421
Valle Viejo;CATAMARCA;27.932;28.328;28.722;29.115;29.506;29.895;30.281;30.664;31.044;31.419;31.788;32.151;32.507;32.855;33.194;33.525
Almirante Brown;CHACO;34.758;35.574;36.392;37.211;38.029;38.844;39.654;40.457;41.254;42.039;42.810;43.567;44.310;45.038;45.749;46.444
Bermejo;CHACO;25.673;25.865;26.060;26.254;26.447;26.641;26.833;27.024;27.212;27.398;27.581;27.761;27.937;28.110;28.278;28.443
Chacabuco;CHACO;31.272;31.757;32.244;32.732;33.220;33.704;34.186;34.666;35.140;35.607;36.066;36.517;36.960;37.393;37.816;38.231
Comandante Fernández;CHACO;99.094;100.644;102.201;103.761;105.318;106.868;108.409;109.942;111.457;112.951;114.419;115.861;117.275;118.660;120.015;121.338
12 de Octubre ;CHACO;22.779;23.137;23.495;23.854;24.214;24.570;24.925;25.278;25.626;25.970;26.309;26.640;26.966;27.285;27.597;27.901
2 de Abril ;CHACO;7.670;7.688;7.709;7.732;7.754;7.777;7.799;7.822;7.844;7.866;7.888;7.909;7.931;7.952;7.972;7.993
Fray Justo Santa María de Oro ;CHACO;12.079;12.310;12.542;12.773;13.005;13.236;13.466;13.694;13.920;14.142;14.361;14.575;14.786;14.992;15.193;15.391
General Belgrano;CHACO;12.238;12.491;12.746;13.000;13.255;13.509;13.759;14.011;14.257;14.502;14.741;14.977;15.208;15.435;15.656;15.872
General Donovan;CHACO;13.842;13.890;13.937;13.985;14.033;14.081;14.128;14.174;14.221;14.266;14.311;14.355;14.398;14.440;14.481;14.522
General Güemes;CHACO;68.691;69.580;70.472;71.364;72.256;73.143;74.025;74.902;75.769;76.624;77.464;78.289;79.099;79.891;80.666;81.424
Independencia;CHACO;22.926;23.238;23.553;23.867;24.181;24.493;24.804;25.113;25.418;25.719;26.014;26.305;26.589;26.868;27.141;27.408
Libertad;CHACO;12.419;12.648;12.878;13.109;13.340;13.569;13.796;14.023;14.247;14.469;14.685;14.898;15.107;15.312;15.513;15.709
Libertador General San Martín;CHACO;60.499;61.340;62.185;63.029;63.874;64.714;65.549;66.379;67.199;68.009;68.805;69.585;70.352;71.102;71.836;72.552
Maipú;CHACO;25.950;26.067;26.196;26.324;26.450;26.574;26.694;26.812;26.925;27.033;27.136;27.234;27.327;27.414;27.495;27.571
Mayor Luis J. Fontana;CHACO;56.458;56.823;57.187;57.552;57.916;58.279;58.640;58.997;59.351;59.701;60.044;60.381;60.712;61.036;61.352;61.663
9 de Julio;CHACO;29.236;29.543;29.851;30.159;30.467;30.773;31.077;31.380;31.680;31.974;32.265;32.550;32.829;33.102;33.370;33.632
O'Higgins ;CHACO;20.642;20.757;20.873;20.988;21.105;21.219;21.333;21.447;21.559;21.669;21.778;21.885;21.990;22.092;22.193;22.291
Presidencia de la Plaza;CHACO;12.816;12.885;12.954;13.022;13.092;13.160;13.228;13.295;13.362;13.427;13.492;13.555;13.617;13.679;13.738;13.797
1º de Mayo;CHACO;10.542;10.742;10.942;11.143;11.343;11.543;11.741;11.938;12.134;12.326;12.515;12.701;12.883;13.061;13.235;13.406
Quitilipi;CHACO;34.888;35.275;35.664;36.053;36.442;36.829;37.213;37.596;37.975;38.347;38.714;39.073;39.426;39.773;40.110;40.441
San Fernando ;CHACO;400.053;404.373;408.691;413.022;417.339;421.638;425.922;430.173;434.391;438.554;442.642;446.661;450.608;454.478;458.272;461.965
San Lorenzo;CHACO;15.073;15.168;15.263;15.360;15.454;15.550;15.644;15.738;15.830;15.922;16.012;16.099;16.186;16.271;16.354;16.435
Sargento Cabral;CHACO;16.273;16.438;16.605;16.772;16.939;17.105;17.271;17.435;17.598;17.757;17.914;18.069;18.220;18.369;18.514;18.656
Tapenagá;CHACO;4.210;4.215;4.221;4.226;4.232;4.238;4.243;4.247;4.252;4.255;4.258;4.260;4.261;4.261;4.261;4.261
25 de Mayo;CHACO;29.936;30.177;30.419;30.661;30.903;31.144;31.384;31.622;31.856;32.089;32.317;32.540;32.759;32.975;33.185;33.391
Biedma ;CHUBUT;83.160;86.232;89.343;92.509;95.730;99.004;102.331;105.713;109.145;112.626;116.160;119.737;123.366;127.040;130.761;134.525
Cushamen;CHUBUT;21.118;21.495;21.863;22.221;22.579;22.925;23.259;23.586;23.910;24.228;24.538;24.835;25.126;25.407;25.689;25.954
Escalante;CHUBUT;187.917;192.629;197.295;201.973;206.647;211.306;215.956;220.603;225.237;229.821;234.397;238.946;243.481;247.987;252.463;256.916
Florentino Ameghino;CHUBUT;1.647;1.664;1.679;1.695;1.711;1.725;1.739;1.752;1.764;1.776;1.785;1.795;1.804;1.813;1.821;1.828
Futaleufú;CHUBUT;43.538;44.156;44.764;45.354;45.927;46.481;47.017;47.536;48.035;48.515;48.976;49.418;49.842;50.246;50.632;50.999
Gaiman;CHUBUT;11.253;11.435;11.614;11.790;11.962;12.130;12.293;12.453;12.608;12.759;12.904;13.047;13.184;13.316;13.445;13.568
Gastre;CHUBUT;1.454;1.438;1.428;1.422;1.409;1.401;1.398;1.394;1.387;1.377;1.368;1.365;1.358;1.353;1.342;1.338
Languiñeo;CHUBUT;3.130;3.136;3.142;3.147;3.149;3.149;3.147;3.145;3.140;3.135;3.127;3.118;3.107;3.096;3.082;3.068
Mártires;CHUBUT;794;781;769;761;753;747;741;734;729;725;715;711;704;700;695;692
Paso de Indios;CHUBUT;1.897;1.892;1.887;1.880;1.873;1.865;1.855;1.845;1.834;1.822;1.809;1.796;1.781;1.767;1.750;1.735
Rawson;CHUBUT;132.849;134.337;135.772;137.147;138.456;139.696;140.869;141.970;143.006;143.968;144.869;145.697;146.455;147.153;147.788;148.358
Río Senguer;CHUBUT;6.073;6.063;6.095;6.114;6.130;6.153;6.173;6.182;6.191;6.227;6.248;6.266;6.281;6.295;6.308;6.318
Sarmiento;CHUBUT;11.459;11.805;12.154;12.506;12.863;13.221;13.583;13.948;14.314;14.683;15.055;15.427;15.802;16.179;16.559;16.939
Tehuelches;CHUBUT;5.467;5.484;5.499;5.511;5.521;5.527;5.530;5.531;5.529;5.523;5.516;5.506;5.493;5.479;5.461;5.441
Telsen;CHUBUT;1.677;1.654;1.641;1.626;1.609;1.592;1.575;1.564;1.551;1.544;1.527;1.517;1.510;1.499;1.488;1.476
Calamuchita;CORDOBA;55.280;56.687;58.121;59.583;61.071;62.584;64.122;65.685;67.272;68.881;70.512;72.164;73.837;75.530;77.241;78.970
Capital;CORDOBA;1.370.585;1.379.518;1.388.374;1.397.130;1.405.753;1.414.201;1.422.453;1.430.554;1.438.492;1.446.201;1.453.684;1.460.905;1.467.867;1.474.541;1.481.028;1.487.310
Colón;CORDOBA;228.332;235.051;241.916;248.927;256.076;263.380;270.852;278.434;286.115;293.944;301.889;309.982;318.211;326.575;334.971;343.397
Cruz del Eje;CORDOBA;58.817;59.780;60.751;61.728;62.711;63.697;64.686;65.679;66.671;67.664;68.656;69.645;70.632;71.615;72.593;73.564
General Roca;CORDOBA;36.260;36.703;37.147;37.589;38.032;38.472;38.910;39.345;39.776;40.203;40.626;41.043;41.454;41.859;42.257;42.647
General San Martín;CORDOBA;128.491;130.104;131.720;133.335;134.949;136.555;138.155;139.746;141.326;142.892;144.441;145.973;147.485;148.975;150.443;151.884
Ischilín;CORDOBA;32.581;32.958;33.335;33.712;34.088;34.460;34.830;35.197;35.562;35.920;36.276;36.625;36.968;37.307;37.637;37.961
Juárez Celman;CORDOBA;61.183;62.044;62.908;63.775;64.643;65.511;66.377;67.242;68.103;68.960;69.812;70.658;71.496;72.326;73.147;73.958
Marcos Juárez;CORDOBA;105.787;106.757;107.724;108.682;109.631;110.567;111.490;112.398;113.291;114.165;115.019;115.851;116.662;117.448;118.209;118.945
Minas;CORDOBA;4.933;4.951;4.968;4.985;5.000;5.016;5.029;5.042;5.054;5.065;5.075;5.083;5.090;5.097;5.101;5.104
Pocho;CORDOBA;5.434;5.472;5.509;5.545;5.581;5.617;5.651;5.684;5.716;5.747;5.778;5.806;5.834;5.860;5.885;5.908
Presidente Roque Sáenz Peña;CORDOBA;36.936;37.299;37.660;38.018;38.374;38.725;39.073;39.415;39.753;40.084;40.409;40.727;41.037;41.340;41.633;41.918
Punilla;CORDOBA;178.438;181.781;185.161;188.574;192.018;195.488;198.982;202.497;206.031;209.578;213.136;216.702;220.275;223.850;227.422;230.989
Río Cuarto;CORDOBA;251.770;254.454;257.133;259.801;262.452;265.081;267.685;270.261;272.804;275.310;277.775;280.194;282.566;284.887;287.152;289.359
Río Primero;CORDOBA;47.029;47.706;48.385;49.068;49.751;50.435;51.118;51.800;52.481;53.159;53.832;54.501;55.165;55.825;56.476;57.120
Río Seco;CORDOBA;13.779;13.952;14.125;14.299;14.472;14.644;14.816;14.987;15.158;15.326;15.494;15.659;15.822;15.984;16.143;16.300
Río Segundo;CORDOBA;103.966;105.202;106.438;107.674;108.905;110.130;111.347;112.554;113.752;114.937;116.106;117.259;118.396;119.514;120.611;121.685
San Alberto;CORDOBA;37.021;37.687;38.361;39.040;39.724;40.414;41.107;41.804;42.504;43.206;43.908;44.613;45.317;46.021;46.725;47.426
San Javier;CORDOBA;53.640;54.302;54.964;55.625;56.286;56.944;57.598;58.249;58.894;59.534;60.165;60.790;61.406;62.013;62.609;63.195
San Justo;CORDOBA;206.874;209.103;211.328;213.545;215.749;217.935;220.101;222.244;224.361;226.448;228.501;230.517;232.495;234.432;236.323;238.167
Santa María;CORDOBA;99.377;101.266;103.177;105.108;107.058;109.023;111.002;112.995;114.999;117.013;119.033;121.060;123.090;125.124;127.158;129.189
Sobremonte;CORDOBA;4.735;4.771;4.807;4.841;4.875;4.908;4.941;4.973;5.003;5.034;5.063;5.091;5.118;5.144;5.168;5.191
Tercero Arriba;CORDOBA;112.947;113.867;114.778;115.680;116.570;117.444;118.302;119.143;119.964;120.764;121.541;122.294;123.022;123.723;124.397;125.040
Totoral;CORDOBA;18.574;18.879;19.186;19.495;19.805;20.117;20.430;20.744;21.058;21.372;21.686;22.000;22.312;22.623;22.933;23.241
Tulumba;CORDOBA;12.958;13.079;13.198;13.317;13.435;13.552;13.667;13.781;13.892;14.001;14.108;14.213;14.314;14.413;14.510;14.603
Unión;CORDOBA;107.298;108.400;109.499;110.593;111.678;112.754;113.816;114.868;115.905;116.924;117.925;118.906;119.867;120.804;121.717;122.606
Bella Vista;CORRIENTES;38.141;38.494;38.848;39.201;39.555;39.905;40.252;40.597;40.938;41.271;41.599;41.918;42.229;42.532;42.827;43.110
Berón de Astrada;CORRIENTES;2.523;2.553;2.583;2.613;2.643;2.673;2.702;2.732;2.761;2.789;2.817;2.844;2.870;2.896;2.921;2.945
Capital;CORRIENTES;367.002;371.478;375.966;380.449;384.925;389.369;393.790;398.163;402.483;406.728;410.878;414.927;418.880;422.722;426.443;430.053
Concepción;CORRIENTES;21.587;22.019;22.452;22.884;23.315;23.745;24.171;24.592;25.010;25.419;25.819;26.209;26.590;26.961;27.321;27.669
Curuzú Cuatiá;CORRIENTES;45.515;45.959;46.404;46.848;47.291;47.732;48.169;48.603;49.031;49.452;49.862;50.264;50.656;51.036;51.406;51.763
Empedrado;CORRIENTES;15.515;15.610;15.703;15.798;15.892;15.986;16.078;16.171;16.261;16.351;16.437;16.523;16.606;16.686;16.765;16.841
Esquina;CORRIENTES;31.644;31.788;31.933;32.078;32.223;32.366;32.508;32.649;32.788;32.925;33.059;33.191;33.318;33.441;33.563;33.678
General Alvear;CORRIENTES;8.158;8.156;8.152;8.149;8.146;8.143;8.139;8.137;8.134;8.131;8.128;8.127;8.124;8.122;8.121;8.119
General Paz;CORRIENTES;15.251;15.299;15.349;15.398;15.446;15.495;15.544;15.592;15.638;15.685;15.730;15.774;15.817;15.860;15.901;15.940
Goya;CORRIENTES;92.346;92.945;93.545;94.145;94.743;95.338;95.928;96.513;97.091;97.658;98.213;98.754;99.283;99.797;100.296;100.778
Itatí;CORRIENTES;9.409;9.491;9.573;9.654;9.735;9.817;9.897;9.977;10.055;10.132;10.208;10.282;10.353;10.424;10.491;10.557
Ituzaingó;CORRIENTES;32.001;32.170;32.339;32.510;32.679;32.847;33.014;33.180;33.344;33.505;33.661;33.815;33.964;34.110;34.251;34.388
Lavalle;CORRIENTES;29.458;29.881;30.306;30.730;31.153;31.574;31.992;32.407;32.815;33.216;33.609;33.993;34.366;34.731;35.083;35.424
Mburucuyá;CORRIENTES;9.501;9.559;9.617;9.675;9.734;9.791;9.849;9.906;9.962;10.017;10.071;10.124;10.176;10.226;10.274;10.321
Mercedes;CORRIENTES;41.741;42.051;42.361;42.670;42.980;43.287;43.592;43.895;44.193;44.486;44.773;45.052;45.326;45.591;45.849;46.098
Monte Caseros;CORRIENTES;37.236;37.706;38.179;38.651;39.122;39.590;40.054;40.515;40.970;41.417;41.854;42.279;42.696;43.100;43.492;43.871
Paso de los Libres;CORRIENTES;49.910;50.322;50.735;51.149;51.561;51.971;52.377;52.780;53.179;53.570;53.952;54.326;54.690;55.044;55.387;55.720
Saladas;CORRIENTES;22.831;22.998;23.165;23.333;23.498;23.664;23.829;23.991;24.152;24.310;24.464;24.615;24.762;24.905;25.044;25.179
San Cosme;CORRIENTES;14.732;14.936;15.140;15.346;15.551;15.753;15.955;16.156;16.352;16.546;16.736;16.921;17.102;17.278;17.447;17.613
San Luis del Palmar;CORRIENTES;18.033;18.227;18.420;18.614;18.806;18.999;19.188;19.377;19.563;19.746;19.925;20.100;20.270;20.435;20.596;20.752
San Martín;CORRIENTES;13.467;13.629;13.790;13.952;14.114;14.275;14.433;14.592;14.747;14.901;15.051;15.197;15.340;15.478;15.613;15.742
San Miguel;CORRIENTES;10.856;10.926;10.996;11.066;11.136;11.205;11.274;11.343;11.410;11.475;11.540;11.604;11.665;11.725;11.783;11.840
San Roque;CORRIENTES;18.863;18.968;19.072;19.178;19.282;19.386;19.489;19.591;19.692;19.791;19.888;19.983;20.075;20.165;20.252;20.336
Santo Tomé;CORRIENTES;62.721;63.784;64.850;65.915;66.978;68.035;69.084;70.123;71.150;72.157;73.143;74.106;75.045;75.957;76.843;77.699
Sauce;CORRIENTES;9.290;9.299;9.308;9.319;9.328;9.337;9.347;9.356;9.365;9.374;9.384;9.392;9.401;9.409;9.417;9.424
Colón;ENTRE RIOS;62.929;64.262;65.610;66.978;68.364;69.769;71.191;72.630;74.086;75.555;77.039;78.535;80.043;81.563;83.093;84.632
Concordia ;ENTRE RIOS;172.660;174.685;176.214;178.095;179.976;181.853;183.725;185.592;187.448;189.291;191.117;192.924;194.711;196.476;198.216;199.927
Diamante;ENTRE RIOS;47.112;47.551;47.990;48.428;48.863;49.294;49.721;50.145;50.565;50.978;51.384;51.782;52.175;52.558;52.933;53.298
Federación;ENTRE RIOS;69.640;70.953;72.276;73.615;74.969;76.335;77.715;79.106;80.510;81.921;83.341;84.769;86.203;87.641;89.084;90.530
Federal;ENTRE RIOS;26.298;26.497;26.695;26.892;27.087;27.279;27.468;27.654;27.836;28.014;28.189;28.358;28.522;28.682;28.836;28.984
Feliciano;ENTRE RIOS;15.332;15.451;15.570;15.688;15.804;15.919;16.033;16.145;16.255;16.363;16.468;16.571;16.670;16.767;16.861;16.951
Gualeguay;ENTRE RIOS;52.692;53.285;53.879;54.472;55.065;55.656;56.245;56.832;57.414;57.993;58.565;59.130;59.690;60.241;60.785;61.320
Gualeguaychú;ENTRE RIOS;111.146;112.462;113.779;115.098;116.416;117.732;119.044;120.352;121.655;122.948;124.231;125.501;126.759;128.003;129.229;130.439
Islas del Ibicuy;ENTRE RIOS;12.273;12.391;12.508;12.625;12.742;12.857;12.972;13.086;13.199;13.310;13.420;13.527;13.633;13.737;13.839;13.937
La Paz;ENTRE RIOS;68.082;68.427;69.021;69.432;69.835;70.230;70.615;70.991;71.356;71.710;72.051;72.378;72.691;72.990;73.274;73.542
Nogoyá;ENTRE RIOS;39.721;39.900;40.077;40.251;40.419;40.582;40.739;40.891;41.036;41.174;41.304;41.427;41.541;41.646;41.742;41.830
Paraná;ENTRE RIOS;345.428;348.672;351.907;355.130;358.337;361.515;364.668;367.792;370.876;373.924;376.912;379.856;382.741;385.567;388.325;391.022
San Salvador ;ENTRE RIOS;17.622;17.840;18.059;18.278;18.497;18.717;18.936;19.155;19.373;19.589;19.804;20.018;20.229;20.439;20.646;20.850
Tala;ENTRE RIOS;26.139;26.205;26.271;26.334;26.392;26.447;26.499;26.546;26.589;26.626;26.659;26.686;26.708;26.724;26.735;26.739
Uruguay;ENTRE RIOS;102.315;103.416;104.516;105.617;106.714;107.807;108.894;109.975;111.048;112.111;113.161;114.198;115.221;116.229;117.220;118.192
Victoria;ENTRE RIOS;36.347;36.688;37.029;37.369;37.707;38.042;38.373;38.702;39.028;39.349;39.665;39.974;40.279;40.576;40.868;41.152
Villaguay ;ENTRE RIOS;49.838;50.059;50.530;50.819;51.103;51.381;51.651;51.914;52.169;52.414;52.651;52.876;53.092;53.297;53.491;53.674
Bermejo;FORMOSA;14.614;14.788;14.962;15.135;15.305;15.473;15.641;15.805;15.968;16.127;16.281;16.431;16.576;16.718;16.853;16.983
Formosa;FORMOSA;243.648;246.546;249.432;252.299;255.142;257.952;260.727;263.471;266.173;268.814;271.381;273.881;276.309;278.654;280.914;283.080
Laishi;FORMOSA;17.777;17.905;18.033;18.161;18.287;18.413;18.536;18.658;18.777;18.895;19.009;19.120;19.228;19.333;19.433;19.529
Matacos;FORMOSA;14.930;15.162;15.394;15.623;15.852;16.078;16.300;16.521;16.737;16.949;17.156;17.356;17.551;17.739;17.920;18.094
Patiño;FORMOSA;71.425;72.006;72.584;73.159;73.730;74.293;74.850;75.401;75.942;76.471;76.987;77.488;77.974;78.445;78.898;79.333
Pilagás;FORMOSA;19.168;19.312;19.454;19.595;19.736;19.875;20.013;20.149;20.282;20.412;20.540;20.663;20.783;20.899;21.011;21.118
Pilcomayo;FORMOSA;88.467;89.356;90.241;91.121;91.994;92.855;93.709;94.551;95.379;96.189;96.978;97.745;98.490;99.211;99.905;100.571
Pirané;FORMOSA;67.331;67.595;67.856;68.117;68.375;68.631;68.883;69.133;69.378;69.618;69.852;70.079;70.300;70.514;70.720;70.917
Ramón Lista;FORMOSA;14.266;14.553;14.838;15.121;15.402;15.680;15.955;16.227;16.493;16.754;17.009;17.256;17.495;17.727;17.951;18.165
Cochinoca;JUJUY;12.873;12.955;13.036;13.114;13.190;13.265;13.336;13.405;13.471;13.533;13.592;13.647;13.699;13.747;13.791;13.832
Dr. Manuel Belgrano;JUJUY;269.080;273.067;277.070;281.080;285.090;289.087;293.073;297.051;301.009;304.936;308.821;312.671;316.474;320.238;323.959;327.628
El Carmen;JUJUY;98.361;100.146;101.941;103.748;105.566;107.391;109.222;111.058;112.896;114.733;116.567;118.397;120.222;122.041;123.852;125.650
Humahuaca;JUJUY;17.665;17.780;17.896;18.008;18.117;18.222;18.324;18.423;18.517;18.606;18.692;18.771;18.847;18.917;18.982;19.041
Ledesma;JUJUY;83.170;83.841;84.506;85.161;85.803;86.431;87.042;87.639;88.216;88.774;89.309;89.823;90.315;90.783;91.229;91.648
Palpalá;JUJUY;53.437;54.110;54.782;55.453;56.120;56.784;57.441;58.093;58.737;59.374;59.999;60.614;61.220;61.814;62.396;62.965
Rinconada;JUJUY;2.525;2.565;2.597;2.634;2.670;2.709;2.748;2.784;2.821;2.860;2.903;2.943;2.987;3.034;3.075;3.118
San Antonio;JUJUY;4.518;4.628;4.739;4.852;4.966;5.082;5.200;5.318;5.439;5.560;5.684;5.808;5.933;6.059;6.185;6.314
San Pedro;JUJUY;76.300;76.907;77.509;78.101;78.682;79.249;79.801;80.338;80.859;81.362;81.843;82.305;82.747;83.167;83.565;83.940
Santa Bárbara;JUJUY;18.041;18.161;18.280;18.395;18.507;18.617;18.722;18.824;18.921;19.015;19.103;19.185;19.264;19.337;19.405;19.466
Santa Catalina;JUJUY;2.861;2.840;2.816;2.791;2.766;2.741;2.721;2.695;2.670;2.644;2.619;2.597;2.577;2.555;2.529;2.502
Susques;JUJUY;3.856;3.885;3.915;3.943;3.972;4.000;4.027;4.053;4.079;4.104;4.127;4.151;4.172;4.194;4.214;4.233
Tilcara;JUJUY;12.499;12.777;13.057;13.341;13.629;13.918;14.211;14.508;14.807;15.107;15.410;15.713;16.019;16.326;16.634;16.943
Tumbaya;JUJUY;4.741;4.765;4.789;4.813;4.835;4.857;4.877;4.897;4.915;4.932;4.948;4.962;4.975;4.987;4.997;5.005
Valle Grande;JUJUY;2.495;2.509;2.523;2.536;2.550;2.563;2.575;2.587;2.598;2.609;2.619;2.628;2.637;2.644;2.652;2.659
Yavi;JUJUY;21.091;21.443;21.796;22.151;22.508;22.864;23.222;23.579;23.936;24.291;24.645;24.997;25.348;25.696;26.042;26.384
Atreucó;LA PAMPA;10.436;10.461;10.484;10.505;10.523;10.539;10.553;10.565;10.573;10.580;10.584;10.585;10.583;10.579;10.572;10.563
Caleu Caleu;LA PAMPA;2.367;2.407;2.447;2.487;2.527;2.567;2.607;2.648;2.688;2.729;2.768;2.809;2.848;2.889;2.928;2.967
Capital;LA PAMPA;107.914;109.162;110.396;111.626;112.846;114.047;115.221;116.384;117.536;118.669;119.781;120.858;121.922;122.966;123.989;124.984
Catriló;LA PAMPA;7.480;7.549;7.618;7.686;7.753;7.817;7.881;7.945;8.006;8.066;8.124;8.181;8.236;8.290;8.342;8.392
Chalileo;LA PAMPA;3.051;3.112;3.174;3.236;3.298;3.361;3.424;3.488;3.551;3.616;3.680;3.744;3.807;3.871;3.935;4.000
Chapaleufú;LA PAMPA;11.914;12.037;12.159;12.280;12.400;12.518;12.632;12.747;12.860;12.971;13.079;13.185;13.289;13.390;13.489;13.584
Chical Co;LA PAMPA;1.547;1.543;1.540;1.536;1.531;1.532;1.530;1.527;1.524;1.520;1.519;1.518;1.515;1.514;1.513;1.512
Conhelo;LA PAMPA;14.487;14.466;14.445;14.418;14.391;14.358;14.338;14.306;14.269;14.229;14.191;14.165;14.124;14.076;14.024;13.970
Curacó;LA PAMPA;1.066;1.079;1.093;1.105;1.118;1.131;1.144;1.156;1.169;1.180;1.193;1.204;1.217;1.228;1.240;1.251
Guatraché;LA PAMPA;9.088;9.075;9.061;9.044;9.026;9.005;8.982;8.957;8.931;8.902;8.871;8.838;8.803;8.766;8.726;8.685
Hucal;LA PAMPA;7.768;7.732;7.695;7.657;7.617;7.581;7.552;7.518;7.482;7.445;7.406;7.370;7.339;7.305;7.270;7.234
Lihuel Calel;LA PAMPA;457;439;424;408;394;380;369;357;345;334;324;314;305;296;289;282
Limay Mahuida;LA PAMPA;516;521;528;535;543;549;556;563;570;577;583;590;597;604;611;618
Loventué;LA PAMPA;8.854;8.890;8.924;8.958;8.988;9.017;9.044;9.069;9.092;9.113;9.131;9.147;9.161;9.173;9.183;9.190
Maracó;LA PAMPA;60.477;61.197;61.912;62.622;63.326;64.023;64.708;65.385;66.055;66.716;67.361;67.995;68.619;69.231;69.832;70.419
Puelén;LA PAMPA;9.664;9.901;10.138;10.380;10.623;10.872;11.123;11.376;11.634;11.894;12.157;12.423;12.691;12.962;13.235;13.511
Quemú Quemú;LA PAMPA;8.903;8.928;8.954;8.977;8.998;9.016;9.033;9.049;9.062;9.072;9.080;9.087;9.090;9.093;9.092;9.089
Rancul;LA PAMPA;10.966;10.990;11.014;11.035;11.054;11.069;11.082;11.093;11.102;11.108;11.111;11.111;11.108;11.103;11.095;11.084
Realicó;LA PAMPA;16.645;16.790;16.934;17.076;17.215;17.352;17.484;17.615;17.742;17.866;17.986;18.102;18.215;18.324;18.429;18.529
Toay;LA PAMPA;12.609;13.091;13.581;14.087;14.608;15.141;15.675;16.232;16.805;17.395;17.994;18.605;19.234;19.878;20.540;21.219
Trenel;LA PAMPA;5.591;5.562;5.534;5.504;5.472;5.440;5.418;5.393;5.368;5.342;5.325;5.306;5.287;5.266;5.245;5.223
Utracán;LA PAMPA;15.228;15.336;15.441;15.544;15.644;15.741;15.835;15.926;16.014;16.098;16.180;16.257;16.332;16.403;16.468;16.532
Arauco;LA RIOJA;15.835;16.051;16.271;16.493;16.718;16.944;17.171;17.400;17.629;17.856;18.083;18.309;18.533;18.755;18.975;19.191
Capital;LA RIOJA;185.579;189.203;192.872;196.588;200.334;204.110;207.904;211.706;215.513;219.320;223.101;226.872;230.610;234.308;237.966;241.574
Castro Barros;LA RIOJA;4.417;4.430;4.444;4.458;4.472;4.485;4.498;4.512;4.525;4.539;4.553;4.566;4.580;4.594;4.607;4.621
Chamical;LA RIOJA;14.565;14.670;14.778;14.886;14.996;15.108;15.218;15.330;15.442;15.554;15.664;15.775;15.884;15.994;16.100;16.206
Chilecito;LA RIOJA;50.720;51.601;52.490;53.391;54.302;55.217;56.126;57.049;57.972;58.894;59.812;60.721;61.622;62.516;63.397;64.269
Coronel Felipe Varela;LA RIOJA;9.945;9.936;9.927;9.918;9.909;9.900;9.890;9.881;9.872;9.863;9.853;9.844;9.835;9.826;9.817;9.808
Famatina;LA RIOJA;6.052;6.011;5.974;5.935;5.894;5.856;5.828;5.789;5.751;5.712;5.674;5.641;5.608;5.575;5.544;5.513
General Angel V. Peñaloza;LA RIOJA;3.167;3.169;3.171;3.173;3.175;3.177;3.179;3.181;3.183;3.185;3.187;3.188;3.191;3.193;3.195;3.197
General Belgrano;LA RIOJA;7.584;7.624;7.664;7.704;7.745;7.786;7.827;7.869;7.911;7.951;7.993;8.033;8.075;8.115;8.155;8.194
General Juan F. Quiroga;LA RIOJA;4.245;4.200;4.157;4.112;4.069;4.022;3.979;3.941;3.900;3.857;3.819;3.777;3.736;3.702;3.668;3.634
General Lamadrid;LA RIOJA;1.786;1.791;1.797;1.803;1.809;1.815;1.821;1.827;1.833;1.839;1.846;1.851;1.857;1.864;1.869;1.875
General Ocampo;LA RIOJA;7.367;7.352;7.337;7.322;7.307;7.291;7.276;7.259;7.244;7.228;7.213;7.197;7.182;7.166;7.152;7.136
General San Martín;LA RIOJA;5.092;5.102;5.112;5.124;5.134;5.144;5.156;5.166;5.176;5.188;5.198;5.208;5.220;5.230;5.240;5.250
Independencia;LA RIOJA;2.498;2.506;2.514;2.522;2.532;2.541;2.550;2.559;2.568;2.576;2.587;2.596;2.604;2.614;2.623;2.632
Rosario Vera Peñaloza;LA RIOJA;14.454;14.567;14.681;14.795;14.912;15.029;15.147;15.265;15.383;15.501;15.619;15.736;15.852;15.967;16.081;16.193
San Blas de los Sauces;LA RIOJA;4.049;4.035;4.021;4.006;3.991;3.976;3.961;3.945;3.930;3.914;3.899;3.884;3.869;3.854;3.840;3.826
Sanagasta;LA RIOJA;2.411;2.435;2.460;2.485;2.510;2.536;2.562;2.588;2.613;2.639;2.665;2.691;2.716;2.741;2.765;2.790
Vinchina;LA RIOJA;2.816;2.811;2.806;2.801;2.796;2.791;2.786;2.780;2.775;2.770;2.765;2.759;2.753;2.746;2.741;2.736
Capital;MENDOZA;117.730;117.952;118.172;118.390;118.607;118.821;119.033;119.243;119.450;119.654;119.854;120.051;120.246;120.437;120.625;120.809
General Alvear;MENDOZA;47.456;47.793;48.130;48.463;48.793;49.120;49.442;49.761;50.076;50.387;50.693;50.993;51.288;51.580;51.864;52.143
Godoy Cruz;MENDOZA;196.209;197.283;198.353;199.413;200.465;201.503;202.530;203.546;204.549;205.537;206.510;207.466;208.408;209.332;210.239;211.129
Guaymallén;MENDOZA;289.412;293.908;298.371;302.808;307.201;311.541;315.833;320.079;324.272;328.402;332.468;336.466;340.402;344.264;348.055;351.771
Junín;MENDOZA;38.652;39.103;39.553;39.998;40.440;40.876;41.309;41.735;42.156;42.572;42.980;43.382;43.778;44.167;44.548;44.921
La Paz;MENDOZA;10.238;10.299;10.362;10.423;10.483;10.543;10.602;10.660;10.718;10.775;10.831;10.886;10.940;10.993;11.046;11.097
Las Heras;MENDOZA;207.786;210.699;213.595;216.470;219.317;222.132;224.915;227.667;230.384;233.063;235.699;238.291;240.841;243.346;245.804;248.214
Lavalle;MENDOZA;37.445;38.133;38.818;39.497;40.170;40.836;41.493;42.143;42.785;43.418;44.040;44.653;45.255;45.847;46.428;46.997
Luján de Cuyo;MENDOZA;122.187;124.392;126.585;128.762;130.918;133.049;135.156;137.239;139.297;141.325;143.320;145.283;147.214;149.110;150.970;152.795
Maipú;MENDOZA;175.777;178.432;181.072;183.692;186.287;188.853;191.390;193.898;196.375;198.816;201.218;203.581;205.905;208.189;210.428;212.624
Malargüe;MENDOZA;28.151;28.828;29.501;30.170;30.832;31.486;32.134;32.775;33.406;34.029;34.642;35.246;35.839;36.421;36.993;37.553
Rivadavia;MENDOZA;57.567;58.187;58.806;59.419;60.025;60.626;61.219;61.806;62.385;62.956;63.518;64.071;64.615;65.149;65.673;66.187
San Carlos;MENDOZA;33.250;33.885;34.519;35.146;35.768;36.382;36.989;37.591;38.183;38.768;39.343;39.910;40.466;41.013;41.550;42.076
San Martín;MENDOZA;120.667;122.163;123.651;125.127;126.590;128.036;129.465;130.878;132.274;133.649;135.003;136.334;137.645;138.931;140.194;141.430
San Rafael;MENDOZA;191.943;194.157;196.359;198.544;200.708;202.848;204.963;207.055;209.121;211.157;213.160;215.131;217.068;218.973;220.841;222.672
Santa Rosa;MENDOZA;16.744;16.850;16.955;17.059;17.163;17.266;17.367;17.466;17.565;17.663;17.758;17.852;17.944;18.035;18.125;18.212
Tunuyán;MENDOZA;50.369;51.418;52.460;53.495;54.520;55.533;56.534;57.525;58.503;59.467;60.416;61.349;62.266;63.168;64.053;64.921
Tupungato;MENDOZA;33.154;33.753;34.346;34.937;35.522;36.100;36.671;37.237;37.794;38.344;38.885;39.418;39.941;40.456;40.960;41.455
Apóstoles;MISIONES;42.722;43.211;43.696;44.177;44.653;45.123;45.588;46.047;46.501;46.948;47.387;47.819;48.244;48.661;49.070;49.471
Cainguás;MISIONES;53.989;54.699;55.402;56.100;56.790;57.472;58.145;58.813;59.470;60.119;60.756;61.382;61.998;62.605;63.198;63.780
Candelaria;MISIONES;27.292;27.829;28.363;28.891;29.413;29.930;30.440;30.946;31.445;31.936;32.419;32.893;33.360;33.819;34.269;34.710
Capital;MISIONES;328.135;332.673;337.177;341.638;346.054;350.410;354.719;358.986;363.204;367.349;371.424;375.429;379.374;383.246;387.045;390.765
Concepción;MISIONES;9.697;9.758;9.818;9.877;9.937;9.995;10.052;10.109;10.165;10.221;10.275;10.328;10.381;10.433;10.484;10.533
Eldorado;MISIONES;79.027;80.227;81.419;82.600;83.768;84.922;86.063;87.192;88.307;89.405;90.484;91.543;92.588;93.613;94.618;95.603
General Manuel Belgrano;MISIONES;43.255;44.314;45.364;46.405;47.435;48.452;49.458;50.453;51.435;52.404;53.354;54.289;55.209;56.113;57.000;57.868
Guaraní;MISIONES;68.585;69.734;70.874;72.005;73.124;74.228;75.320;76.402;77.469;78.520;79.553;80.568;81.567;82.549;83.512;84.454
Iguazú;MISIONES;82.952;84.724;86.480;88.222;89.945;91.647;93.328;94.994;96.639;98.258;99.849;101.413;102.952;104.465;105.947;107.400
Leandro N. Alem;MISIONES;45.612;46.016;46.416;46.813;47.205;47.593;47.976;48.355;48.730;49.098;49.461;49.817;50.167;50.512;50.850;51.181
Libertador General San Martín;MISIONES;47.102;47.585;48.063;48.539;49.008;49.471;49.930;50.384;50.831;51.273;51.706;52.133;52.552;52.963;53.367;53.763
Montecarlo;MISIONES;37.187;37.504;37.819;38.130;38.438;38.743;39.044;39.342;39.635;39.925;40.209;40.490;40.765;41.035;41.301;41.559
Oberá;MISIONES;108.681;110.049;111.406;112.750;114.081;115.394;116.693;117.979;119.248;120.499;121.727;122.934;124.122;125.290;126.436;127.556
San Ignacio;MISIONES;58.463;58.798;59.131;59.461;59.788;60.111;60.430;60.745;61.058;61.365;61.666;61.963;62.254;62.541;62.822;63.097
San Javier;MISIONES;21.155;21.346;21.534;21.721;21.907;22.089;22.271;22.449;22.626;22.800;22.971;23.139;23.304;23.466;23.626;23.782
San Pedro;MISIONES;31.294;32.117;32.932;33.740;34.540;35.330;36.111;36.884;37.647;38.399;39.137;39.863;40.578;41.281;41.969;42.642
25 de Mayo;MISIONES;28.131;28.214;28.295;28.376;28.456;28.536;28.614;28.691;28.767;28.843;28.916;28.989;29.061;29.131;29.200;29.267
Aluminé;NEUQUEN;8.582;8.875;9.172;9.474;9.781;10.092;10.408;10.729;11.054;11.384;11.718;12.057;12.400;12.749;13.101;13.459
Añelo;NEUQUEN;11.121;11.604;12.102;12.614;13.142;13.683;14.239;14.812;15.400;16.003;16.622;17.258;17.910;18.580;19.266;19.970
Catán Lil;NEUQUEN;2.695;2.718;2.741;2.763;2.784;2.805;2.825;2.843;2.861;2.879;2.896;2.912;2.927;2.941;2.955;2.968
Chos Malal;NEUQUEN;15.853;16.022;16.185;16.341;16.490;16.630;16.764;16.891;17.011;17.123;17.229;17.327;17.419;17.503;17.583;17.656
Collón Curá;NEUQUEN;4.717;4.738;4.758;4.779;4.799;4.820;4.840;4.859;4.879;4.899;4.918;4.937;4.955;4.973;4.991;5.009
Confluencia;NEUQUEN;376.434;382.083;387.611;393.009;398.269;403.382;408.353;413.185;417.874;422.415;426.804;431.047;435.156;439.124;442.956;446.648
Huiliches;NEUQUEN;15.274;15.548;15.820;16.088;16.352;16.611;16.866;17.116;17.363;17.605;17.842;18.074;18.302;18.526;18.744;18.959
Lácar;NEUQUEN;30.819;31.523;32.227;32.929;33.629;34.326;35.018;35.709;36.395;37.078;37.756;38.429;39.099;39.765;40.426;41.084
Loncopué;NEUQUEN;7.196;7.273;7.348;7.421;7.491;7.558;7.623;7.686;7.745;7.802;7.858;7.910;7.961;8.009;8.055;8.099
Los Lagos;NEUQUEN;12.293;12.775;13.268;13.774;14.291;14.820;15.362;15.914;16.480;17.057;17.647;18.248;18.863;19.491;20.132;20.786
Minas;NEUQUEN;7.620;7.654;7.688;7.721;7.753;7.785;7.815;7.847;7.876;7.906;7.935;7.963;7.990;8.017;8.044;8.071
Ñorquín;NEUQUEN;5.649;5.692;5.735;5.777;5.816;5.856;5.893;5.930;5.965;5.999;6.031;6.062;6.092;6.121;6.149;6.175
Pehuenches;NEUQUEN;23.587;24.754;25.920;27.084;28.246;29.402;30.553;31.697;32.835;33.963;35.081;36.189;37.286;38.372;39.447;40.509
Picún Leufú;NEUQUEN;4.757;4.813;4.868;4.924;4.978;5.031;5.083;5.134;5.185;5.235;5.282;5.330;5.375;5.421;5.466;5.508
Picunches;NEUQUEN;7.294;7.386;7.474;7.558;7.641;7.720;7.796;7.869;7.939;8.005;8.069;8.130;8.188;8.243;8.295;8.344
Zapala;NEUQUEN;38.019;38.262;38.505;38.747;38.987;39.224;39.459;39.692;39.922;40.148;40.369;40.588;40.803;41.015;41.223;41.428
Adolfo Alsina;RIO NEGRO;58.594;59.298;60.002;60.701;61.396;62.086;62.771;63.452;64.124;64.791;65.450;66.102;66.746;67.383;68.011;68.631
Avellaneda;RIO NEGRO;35.882;36.342;36.799;37.255;37.709;38.158;38.604;39.047;39.486;39.920;40.349;40.774;41.193;41.608;42.018;42.422
Bariloche;RIO NEGRO;135.338;138.259;141.169;144.067;146.948;149.808;152.646;155.462;158.251;161.012;163.743;166.443;169.112;171.749;174.351;176.919
Conesa;RIO NEGRO;7.177;7.285;7.391;7.498;7.604;7.708;7.813;7.916;8.019;8.119;8.221;8.319;8.417;8.515;8.609;8.704
El Cuy;RIO NEGRO;5.348;5.496;5.643;5.788;5.934;6.078;6.221;6.363;6.505;6.643;6.781;6.918;7.052;7.185;7.317;7.446
General Roca;RIO NEGRO;326.007;330.502;334.968;339.476;343.954;348.406;352.820;357.230;361.612;366.014;370.245;374.450;378.623;382.551;386.605;390.644
9 de julio;RIO NEGRO;3.549;3.534;3.510;3.487;3.464;3.442;3.419;3.397;3.376;3.354;3.334;3.313;3.293;3.272;3.253;3.233
Ñorquincó;RIO NEGRO;1.782;1.733;1.705;1.661;1.619;1.585;1.553;1.522;1.491;1.460;1.430;1.401;1.371;1.349;1.321;1.294
Pichi Mahuida;RIO NEGRO;14.368;14.375;14.382;14.390;14.397;14.404;14.412;14.419;14.426;14.433;14.441;14.448;14.454;14.461;14.468;14.475
Pilcaniyeu;RIO NEGRO;7.526;7.714;7.901;8.088;8.274;8.458;8.641;8.822;9.002;9.180;9.356;9.530;9.702;9.873;10.040;10.206
San Antonio;RIO NEGRO;29.668;30.412;31.155;31.894;32.630;33.360;34.084;34.803;35.515;36.107;36.787;37.460;38.126;38.961;39.625;40.280
Valcheta;RIO NEGRO;7.067;7.261;7.462;7.616;7.769;7.910;8.049;8.155;8.249;8.393;8.556;8.697;8.824;8.956;9.080;9.161
25 de Mayo;RIO NEGRO;15.971;16.275;16.576;16.876;17.175;17.471;17.766;18.058;18.347;18.634;18.917;19.197;19.474;19.747;20.017;20.282
Anta;SALTA;58.556;59.619;60.679;61.736;62.788;63.830;64.866;65.896;66.918;67.927;68.925;69.909;70.881;71.843;72.788;73.719
Cachi;SALTA;7.487;7.506;7.524;7.543;7.562;7.580;7.599;7.617;7.636;7.653;7.672;7.689;7.706;7.724;7.740;7.756
Cafayate;SALTA;15.112;15.526;15.941;16.354;16.764;17.172;17.577;17.979;18.378;18.774;19.162;19.548;19.927;20.303;20.672;21.036
Capital;SALTA;546.858;555.499;564.108;572.685;581.223;589.696;598.107;606.474;614.764;622.964;631.058;639.055;646.956;654.756;662.439;670.002
Cerrillos;SALTA;36.363;37.623;38.881;40.134;41.380;42.617;43.845;45.066;46.277;47.476;48.658;49.825;50.979;52.117;53.240;54.343
Chicoana;SALTA;21.127;21.478;21.826;22.175;22.520;22.863;23.205;23.543;23.879;24.212;24.541;24.864;25.184;25.501;25.811;26.119
General Güemes;SALTA;48.194;48.913;49.630;50.346;51.057;51.763;52.465;53.161;53.853;54.536;55.211;55.877;56.535;57.185;57.826;58.456
General José de San Martín;SALTA;160.093;162.633;165.169;167.695;170.207;172.700;175.176;177.638;180.080;182.495;184.877;187.231;189.556;191.852;194.114;196.340
Guachipas;SALTA;3.264;3.266;3.269;3.271;3.273;3.276;3.279;3.281;3.283;3.286;3.288;3.290;3.293;3.295;3.297;3.299
Iruya;SALTA;6.138;6.101;6.066;6.030;5.994;5.959;5.924;5.889;5.854;5.820;5.786;5.752;5.720;5.687;5.655;5.623
La Caldera;SALTA;7.888;8.161;8.434;8.705;8.975;9.242;9.508;9.773;10.035;10.295;10.551;10.804;11.054;11.300;11.543;11.782
La Candelaria;SALTA;5.828;5.891;5.955;6.019;6.082;6.146;6.208;6.269;6.331;6.392;6.452;6.511;6.571;6.628;6.686;6.741
La Poma;SALTA;1.779;1.779;1.778;1.777;1.777;1.776;1.775;1.776;1.775;1.774;1.773;1.773;1.772;1.771;1.771;1.771
La Viña;SALTA;7.602;7.652;7.702;7.751;7.801;7.849;7.897;7.945;7.993;8.041;8.088;8.133;8.179;8.224;8.269;8.312
Los Andes;SALTA;6.181;6.247;6.312;6.378;6.443;6.506;6.571;6.634;6.697;6.759;6.821;6.882;6.942;7.002;7.060;7.117
Metán;SALTA;41.259;41.510;41.762;42.012;42.261;42.507;42.753;42.997;43.239;43.478;43.714;43.947;44.178;44.405;44.629;44.849
Molinos;SALTA;5.783;5.801;5.819;5.836;5.854;5.872;5.889;5.906;5.924;5.941;5.958;5.974;5.991;6.006;6.022;6.038
Orán;SALTA;141.683;143.824;145.959;148.088;150.203;152.304;154.390;156.464;158.520;160.555;162.562;164.544;166.504;168.438;170.343;172.219
Rivadavia;SALTA;30.997;31.418;31.839;32.258;32.675;33.088;33.499;33.907;34.313;34.714;35.109;35.499;35.885;36.266;36.641;37.010
Rosario de la Frontera;SALTA;29.644;29.824;30.003;30.182;30.359;30.534;30.709;30.883;31.055;31.225;31.393;31.560;31.723;31.885;32.045;32.203
Rosario de Lerma;SALTA;39.480;40.134;40.787;41.438;42.084;42.726;43.364;43.998;44.626;45.248;45.862;46.467;47.067;47.657;48.240;48.813
San Carlos;SALTA;7.187;7.176;7.167;7.156;7.145;7.136;7.126;7.116;7.106;7.096;7.087;7.077;7.068;7.058;7.050;7.040
Santa Victoria;SALTA;10.608;10.530;10.452;10.375;10.299;10.223;10.146;10.071;9.996;9.923;9.849;9.777;9.707;9.636;9.567;9.499
Albardón;SAN JUAN;24.362;24.857;25.351;25.846;26.340;26.833;27.325;27.815;28.304;28.788;29.269;29.744;30.218;30.687;31.150;31.609
Angaco;SAN JUAN;8.310;8.398;8.487;8.575;8.663;8.751;8.839;8.926;9.013;9.100;9.186;9.271;9.356;9.439;9.522;9.604
Calingasta;SAN JUAN;8.794;8.865;8.937;9.008;9.079;9.151;9.222;9.293;9.363;9.433;9.503;9.571;9.641;9.708;9.775;9.841
Capital;SAN JUAN;111.999;111.536;111.072;110.608;110.145;109.684;109.222;108.764;108.306;107.850;107.401;106.955;106.509;106.070;105.639;105.208
Caucete;SAN JUAN;39.133;39.819;40.505;41.191;41.877;42.560;43.241;43.922;44.598;45.271;45.938;46.598;47.255;47.904;48.547;49.183
Chimbas;SAN JUAN;88.999;90.775;92.553;94.331;96.107;97.878;99.645;101.405;103.159;104.900;106.627;108.341;110.040;111.724;113.390;115.037
Iglesia;SAN JUAN;9.261;9.586;9.913;10.240;10.566;10.892;11.216;11.539;11.862;12.182;12.499;12.814;13.126;13.435;13.741;14.045
Jáchal;SAN JUAN;22.253;22.387;22.522;22.657;22.791;22.924;23.058;23.191;23.324;23.456;23.586;23.716;23.845;23.972;24.098;24.223
9 de Julio;SAN JUAN;9.482;9.711;9.941;10.172;10.401;10.629;10.858;11.086;11.313;11.538;11.761;11.982;12.202;12.420;12.634;12.848
Pocito;SAN JUAN;54.060;55.730;57.402;59.075;60.745;62.410;64.071;65.726;67.376;69.014;70.638;72.249;73.847;75.430;76.998;78.546
Rawson;SAN JUAN;117.007;118.001;118.995;119.991;120.984;121.975;122.962;123.948;124.929;125.904;126.870;127.828;128.779;129.722;130.654;131.576
Rivadavia;SAN JUAN;84.505;85.355;86.205;87.056;87.906;88.753;89.598;90.441;91.279;92.112;92.939;93.758;94.571;95.377;96.174;96.962
San Martín;SAN JUAN;11.360;11.508;11.657;11.805;11.953;12.101;12.248;12.394;12.541;12.687;12.830;12.973;13.114;13.255;13.394;13.531
Santa Lucía;SAN JUAN;49.139;49.760;50.382;51.004;51.625;52.244;52.862;53.478;54.091;54.701;55.304;55.904;56.498;57.087;57.669;58.246
Sarmiento;SAN JUAN;22.584;23.020;23.457;23.892;24.329;24.763;25.196;25.629;26.059;26.487;26.910;27.331;27.748;28.161;28.570;28.974
Ullum;SAN JUAN;4.995;5.056;5.116;5.178;5.239;5.299;5.359;5.419;5.479;5.538;5.598;5.656;5.715;5.772;5.829;5.885
Valle Fértil;SAN JUAN;7.392;7.453;7.515;7.576;7.638;7.698;7.760;7.821;7.881;7.942;8.001;8.060;8.118;8.177;8.234;8.291
25 de Mayo;SAN JUAN;17.483;17.765;18.048;18.330;18.613;18.895;19.175;19.455;19.734;20.010;20.285;20.557;20.827;21.095;21.360;21.622
Zonda;SAN JUAN;4.958;5.070;5.182;5.295;5.407;5.519;5.631;5.742;5.853;5.963;6.072;6.181;6.288;6.395;6.500;6.604
Ayacucho;SAN LUIS;19.613;19.856;20.100;20.344;20.587;20.830;21.071;21.313;21.554;21.793;22.030;22.266;22.501;22.733;22.963;23.189
Belgrano;SAN LUIS;4.104;4.122;4.140;4.158;4.176;4.193;4.211;4.229;4.246;4.264;4.281;4.298;4.316;4.333;4.350;4.367
Chacabuco;SAN LUIS;21.318;21.568;21.818;22.068;22.318;22.566;22.815;23.063;23.309;23.555;23.798;24.040;24.280;24.519;24.754;24.987
Coronel Pringles;SAN LUIS;13.541;13.619;13.698;13.775;13.853;13.931;14.008;14.085;14.162;14.239;14.315;14.391;14.466;14.540;14.613;14.686
General Pedernera;SAN LUIS;129.349;130.973;132.599;134.223;135.845;137.464;139.078;140.687;142.291;143.887;145.471;147.044;148.606;150.152;151.684;153.196
Gobernador Dupuy;SAN LUIS;12.122;12.198;12.273;12.348;12.424;12.499;12.574;12.647;12.722;12.796;12.869;12.942;13.014;13.086;13.157;13.227
Junín;SAN LUIS;29.607;30.481;31.353;32.226;33.097;33.966;34.833;35.697;36.559;37.416;38.266;39.111;39.950;40.782;41.604;42.416
La Capital;SAN LUIS;209.426;212.801;216.175;219.549;222.916;226.277;229.628;232.974;236.302;239.614;242.908;246.175;249.414;252.625;255.804;258.947
Libertador General San Martín;SAN LUIS;4.864;4.816;4.768;4.720;4.673;4.625;4.578;4.530;4.484;4.436;4.390;4.343;4.298;4.253;4.208;4.163
Corpen Aike;SANTA CRUZ;11.153;11.522;11.892;12.263;12.635;13.007;13.379;13.752;14.124;14.497;14.869;15.243;15.617;15.991;16.365;16.738
Deseado;SANTA CRUZ;108.157;112.211;116.277;120.353;124.434;128.514;132.598;136.687;140.782;144.876;148.968;153.063;157.167;161.269;165.378;169.485
Güer Aike;SANTA CRUZ;114.031;116.487;118.955;121.466;124.000;126.555;129.110;131.668;134.230;136.792;139.354;141.917;144.483;147.052;149.620;152.189
Lago Argentino;SANTA CRUZ;18.891;20.104;21.322;22.503;23.666;24.809;25.953;27.099;28.245;29.393;30.540;31.688;32.837;33.988;35.139;36.291
Lago Buenos Aires;SANTA CRUZ;8.795;9.090;9.386;9.684;9.981;10.277;10.575;10.873;11.171;11.469;11.767;12.065;12.364;12.663;12.962;13.260
Magallanes;SANTA CRUZ;9.250;9.563;9.877;10.190;10.504;10.820;11.134;11.449;11.764;12.080;12.395;12.711;13.027;13.344;13.659;13.976
Río Chico;SANTA CRUZ;5.175;5.437;5.698;5.961;6.224;6.487;6.750;7.014;7.277;7.540;7.805;8.069;8.332;8.597;8.861;9.126
Belgrano;SANTA FE;45.619;46.186;46.760;47.341;47.927;48.517;49.110;49.705;50.301;50.897;51.493;52.086;52.679;53.269;53.857;54.442
Caseros;SANTA FE;83.778;84.332;84.893;85.457;86.021;86.582;87.140;87.691;88.236;88.772;89.297;89.812;90.314;90.804;91.281;91.746
Castellanos;SANTA FE;181.359;183.736;186.140;188.573;191.030;193.506;195.997;198.499;201.008;203.520;206.032;208.542;211.047;213.548;216.041;218.527
Constitución;SANTA FE;88.623;89.409;90.203;91.002;91.805;92.609;93.411;94.211;95.006;95.794;96.574;97.346;98.106;98.857;99.596;100.325
Garay;SANTA FE;21.299;21.502;21.707;21.914;22.122;22.330;22.540;22.747;22.954;23.160;23.364;23.566;23.766;23.964;24.159;24.352
General López;SANTA FE;194.799;196.496;198.209;199.936;201.668;203.403;205.133;206.858;208.572;210.270;211.950;213.608;215.245;216.859;218.447;220.011
General Obligado;SANTA FE;179.786;181.709;183.653;185.616;187.591;189.576;191.565;193.554;195.540;197.519;199.488;201.445;203.388;205.315;207.225;209.119
Iriondo;SANTA FE;68.053;68.459;68.868;69.280;69.691;70.100;70.505;70.905;71.298;71.685;72.062;72.429;72.787;73.133;73.469;73.794
La Capital;SANTA FE;535.423;540.161;544.947;549.769;554.611;559.457;564.297;569.119;573.912;578.665;583.368;588.016;592.604;597.127;601.585;605.978
Las Colonias;SANTA FE;106.838;108.342;109.866;111.409;112.969;114.544;116.129;117.726;119.328;120.936;122.547;124.160;125.772;127.385;128.997;130.607
9 de Julio;SANTA FE;30.410;30.720;31.033;31.348;31.666;31.986;32.306;32.624;32.942;33.260;33.574;33.886;34.195;34.502;34.806;35.107
Rosario;SANTA FE;1.218.189;1.225.561;1.233.017;1.240.495;1.247.966;1.255.394;1.262.751;1.270.018;1.277.164;1.284.166;1.291.010;1.297.681;1.304.168;1.310.461;1.316.568;1.322.478
San Cristóbal;SANTA FE;70.216;70.905;71.600;72.302;73.008;73.715;74.423;75.129;75.833;76.534;77.228;77.917;78.599;79.273;79.940;80.600
San Javier;SANTA FE;31.581;31.829;32.080;32.332;32.585;32.837;33.089;33.339;33.588;33.832;34.075;34.313;34.547;34.778;35.004;35.226
San Jerónimo;SANTA FE;82.432;83.177;83.930;84.689;85.451;86.214;86.977;87.737;88.492;89.243;89.985;90.720;91.445;92.161;92.866;93.563
San Justo;SANTA FE;41.755;41.988;42.222;42.458;42.693;42.926;43.157;43.385;43.608;43.827;44.041;44.247;44.447;44.642;44.830;45.010
San Lorenzo;SANTA FE;160.056;162.403;164.777;167.185;169.621;172.080;174.559;177.054;179.564;182.083;184.609;187.140;189.674;192.210;194.747;197.285
San Martín;SANTA FE;65.105;65.670;66.242;66.816;67.394;67.971;68.548;69.123;69.694;70.259;70.819;71.372;71.918;72.455;72.985;73.506
Vera;SANTA FE;52.586;52.823;53.065;53.306;53.546;53.785;54.019;54.250;54.474;54.691;54.902;55.104;55.298;55.484;55.660;55.829
Aguirre;SANTIAGO DEL ESTERO;7.658;7.739;7.821;7.904;7.989;8.074;8.159;8.244;8.329;8.415;8.500;8.585;8.668;8.751;8.833;8.913
Alberdi;SANTIAGO DEL ESTERO;17.343;17.576;17.811;18.050;18.290;18.532;18.776;19.021;19.266;19.511;19.755;19.997;20.236;20.474;20.708;20.938
Atamisqui;SANTIAGO DEL ESTERO;10.973;11.131;11.293;11.455;11.619;11.784;11.951;12.118;12.286;12.452;12.619;12.784;12.948;13.110;13.269;13.426
Avellaneda;SANTIAGO DEL ESTERO;20.899;21.098;21.298;21.501;21.706;21.912;22.119;22.328;22.536;22.745;22.952;23.158;23.362;23.564;23.763;23.958
Banda;SANTIAGO DEL ESTERO;142.941;144.913;146.908;148.924;150.962;153.014;155.079;157.154;159.233;161.307;163.370;165.419;167.451;169.458;171.438;173.384
Belgrano;SANTIAGO DEL ESTERO;9.264;9.445;9.630;9.815;10.002;10.190;10.381;10.571;10.763;10.954;11.144;11.332;11.519;11.703;11.886;12.065
Capital;SANTIAGO DEL ESTERO;268.713;271.543;274.405;277.307;280.230;283.187;286.150;289.136;292.124;295.109;298.076;301.019;303.936;306.825;309.665;312.462
Choya;SANTIAGO DEL ESTERO;34.982;35.127;35.274;35.422;35.573;35.724;35.876;36.029;36.182;36.334;36.486;36.637;36.786;36.934;37.080;37.223
Copo;SANTIAGO DEL ESTERO;31.484;32.113;32.751;33.396;34.048;34.703;35.364;36.028;36.692;37.356;38.016;38.671;39.321;39.963;40.597;41.219
Figueroa;SANTIAGO DEL ESTERO;17.998;18.050;18.102;18.154;18.207;18.260;18.315;18.368;18.422;18.476;18.529;18.582;18.635;18.687;18.739;18.789
General Taboada;SANTIAGO DEL ESTERO;38.424;38.626;38.832;39.039;39.249;39.459;39.672;39.885;40.098;40.310;40.522;40.732;40.941;41.146;41.349;41.549
Guasayán;SANTIAGO DEL ESTERO;7.672;7.701;7.730;7.759;7.789;7.818;7.847;7.878;7.908;7.937;7.967;7.997;8.026;8.055;8.083;8.111
Jiménez;SANTIAGO DEL ESTERO;14.434;14.599;14.767;14.936;15.107;15.278;15.450;15.625;15.798;15.972;16.144;16.316;16.485;16.654;16.820;16.983
Juan F. Ibarra;SANTIAGO DEL ESTERO;18.176;18.328;18.482;18.638;18.796;18.955;19.113;19.273;19.435;19.595;19.753;19.912;20.068;20.223;20.376;20.526
Loreto;SANTIAGO DEL ESTERO;20.086;20.447;20.810;21.179;21.551;21.925;22.303;22.681;23.060;23.439;23.815;24.190;24.560;24.926;25.287;25.643
Mitre;SANTIAGO DEL ESTERO;1.906;1.918;1.930;1.941;1.953;1.965;1.977;1.990;2.002;2.014;2.026;2.038;2.050;2.062;2.074;2.084
Moreno;SANTIAGO DEL ESTERO;32.228;32.796;33.371;33.953;34.541;35.131;35.727;36.325;36.924;37.521;38.117;38.706;39.292;39.871;40.441;41.002
Ojo de Agua;SANTIAGO DEL ESTERO;14.118;14.211;14.306;14.402;14.499;14.596;14.695;14.793;14.892;14.991;15.089;15.186;15.283;15.377;15.471;15.564
Pellegrini;SANTIAGO DEL ESTERO;20.677;20.821;20.965;21.110;21.258;21.407;21.556;21.706;21.857;22.007;22.156;22.304;22.452;22.597;22.740;22.881
Quebrachos;SANTIAGO DEL ESTERO;10.726;10.672;10.616;10.559;10.499;10.440;10.380;10.319;10.258;10.197;10.136;10.077;10.019;9.962;9.906;9.852
Río Hondo;SANTIAGO DEL ESTERO;55.200;55.776;56.359;56.948;57.544;58.142;58.746;59.352;59.958;60.564;61.166;61.764;62.357;62.943;63.521;64.089
Rivadavia;SANTIAGO DEL ESTERO;5.065;5.081;5.097;5.113;5.130;5.146;5.163;5.179;5.197;5.213;5.230;5.246;5.263;5.279;5.295;5.311
Robles;SANTIAGO DEL ESTERO;44.624;45.234;45.850;46.473;47.102;47.735;48.373;49.013;49.655;50.296;50.933;51.565;52.192;52.812;53.423;54.024
Salavina;SANTIAGO DEL ESTERO;11.306;11.385;11.465;11.545;11.626;11.708;11.791;11.874;11.957;12.039;12.123;12.204;12.285;12.365;12.444;12.522
San Martín;SANTIAGO DEL ESTERO;9.896;9.995;10.095;10.196;10.297;10.400;10.503;10.606;10.710;10.814;10.917;11.019;11.121;11.221;11.320;11.417
Sarmiento;SANTIAGO DEL ESTERO;4.661;4.672;4.684;4.696;4.706;4.718;4.728;4.739;4.751;4.762;4.772;4.784;4.795;4.806;4.817;4.829
Silípica;SANTIAGO DEL ESTERO;7.792;7.812;7.832;7.853;7.874;7.894;7.915;7.937;7.958;7.979;8.000;8.021;8.042;8.062;8.083;8.102
Antártida Argentina;TIERRA DEL FUEDO, ANTARTIDA;214;220;227;235;241;248;255;263;270;277;283;291;298;305;313;320
Río Grande;TIERRA DEL FUEDO, ANTARTIDA;72.491;74.777;77.079;79.395;81.723;84.061;86.410;88.768;91.133;93.507;95.889;98.277;100.678;103.088;105.505;107.928
Ushuaia;TIERRA DEL FUEDO, ANTARTIDA;58.956;60.745;62.546;64.357;66.179;68.008;69.844;71.689;73.541;75.399;77.260;79.129;81.007;82.892;84.783;86.678
Burruyacú;TUCUMAN;37.965;38.697;39.430;40.165;40.898;41.628;42.356;43.081;43.802;44.518;45.225;45.927;46.620;47.306;47.983;48.651
Capital;TUCUMAN;565.221;569.307;573.408;577.503;581.601;585.681;589.748;593.798;597.822;601.811;605.767;609.681;613.557;617.384;621.165;624.890
Chicligasta;TUCUMAN;83.026;84.179;85.335;86.492;87.647;88.798;89.945;91.088;92.223;93.351;94.466;95.570;96.664;97.745;98.812;99.865
Cruz Alta;TUCUMAN;185.413;188.882;192.359;195.839;199.313;202.777;206.227;209.664;213.080;216.470;219.826;223.148;226.437;229.688;232.897;236.062
Famaillá;TUCUMAN;35.482;36.156;36.832;37.508;38.182;38.856;39.526;40.193;40.857;41.516;42.167;42.813;43.451;44.083;44.707;45.321
Graneros;TUCUMAN;13.961;14.083;14.207;14.330;14.453;14.576;14.698;14.820;14.941;15.062;15.181;15.299;15.416;15.531;15.645;15.758
Juan B. Alberdi;TUCUMAN;31.099;31.522;31.946;32.370;32.795;33.217;33.638;34.057;34.474;34.888;35.297;35.703;36.104;36.500;36.892;37.278
La Cocha;TUCUMAN;19.547;19.817;20.087;20.357;20.627;20.896;21.164;21.431;21.697;21.960;22.222;22.479;22.735;22.988;23.237;23.484
Leales;TUCUMAN;56.557;57.202;57.848;58.496;59.142;59.786;60.428;61.067;61.703;62.334;62.958;63.575;64.187;64.792;65.389;65.977
Lules;TUCUMAN;70.179;72.144;74.113;76.085;78.053;80.014;81.970;83.916;85.852;87.772;89.673;91.554;93.417;95.259;97.076;98.869
Monteros;TUCUMAN;65.428;66.428;67.430;68.433;69.434;70.432;71.427;72.417;73.402;74.379;75.346;76.303;77.251;78.188;79.112;80.025
Río Chico;TUCUMAN;58.467;59.280;60.094;60.910;61.725;62.536;63.344;64.150;64.950;65.745;66.531;67.310;68.080;68.842;69.594;70.336
Simoca;TUCUMAN;31.811;32.068;32.326;32.585;32.843;33.100;33.356;33.612;33.865;34.116;34.366;34.613;34.856;35.098;35.336;35.572
Tafí del Valle;TUCUMAN;15.363;15.578;15.794;16.011;16.226;16.441;16.656;16.869;17.082;17.293;17.502;17.708;17.912;18.114;18.314;18.511
Tafí Viejo;TUCUMAN;124.886;127.430;129.980;132.531;135.080;137.619;140.149;142.669;145.174;147.660;150.121;152.557;154.969;157.352;159.705;162.025
Trancas;TUCUMAN;17.844;18.200;18.555;18.912;19.268;19.623;19.976;20.328;20.679;21.026;21.369;21.710;22.047;22.380;22.709;23.033
Yerba Buena;TUCUMAN;76.976;78.959;80.945;82.933;84.918;86.898;88.868;90.832;92.785;94.721;96.639;98.537;100.415;102.273;104.107;105.914
;;;;;;;;;;;;;;;;;
